route,departure_hour,network_congestion,plant_utilization,rake_availability,recent_avg_train_delay,train_delay_hours
Paradip → Rourkela,18,10,62.76738853135219,56.48100510733075,1.9508662812787734,6.923921322561213
Kolkata → Durgapur,12,3,90.79782603234813,82.57285428363352,9.084969025041715,8.023459110322802
Haldia → Burnpur,21,1,99.88033534359609,85.71808804487728,2.525122934736661,3.2971220602523337
Paradip → Rourkela,18,1,64.57166084014986,58.553154216258164,4.61137825167229,4.032913691882706
Visakhapatnam → Bhilai,9,10,76.16257528374285,52.684348997816066,4.260296109869243,8.78736794447751
Haldia → Burnpur,21,6,70.56897518919975,69.57132618059931,4.750065039592263,6.575681755819364
Haldia → Burnpur,8,1,60.377858699762754,50.704804233680804,3.735511827194669,3.5385467726360673
Kolkata → Durgapur,20,5,90.56904590280816,84.26375090089387,3.705594517373826,5.755153069490663
Paradip → Rourkela,17,5,46.51650826875869,98.31793439198245,1.3878087166583737,2.761821790218136
Haldia → Burnpur,10,4,66.93475873093766,90.15714906069903,2.381717308469026,3.633930165795565
Paradip → Rourkela,12,5,90.35706885865176,51.3576324722682,7.827756096434529,8.880213074174906
Visakhapatnam → Bhilai,11,2,56.697007362492585,77.70663827882231,1.5212953639670184,2.059554673678542
Kolkata → Durgapur,19,8,80.3443019084473,60.037249737292356,2.5945086803816686,6.766289270736573
Haldia → Burnpur,1,5,99.7494227189365,62.618507326793065,1.036881045595576,4.862241162389579
Haldia → Burnpur,2,1,88.50586120373424,74.83389759967949,2.1998608718868886,2.97841440725057
Haldia → Burnpur,11,4,65.18779678102868,52.75390924721639,2.118640657439511,4.171740112950239
Haldia → Burnpur,23,5,51.75512851690254,85.58222459098427,7.608735280570224,6.906250532029524
Kolkata → Durgapur,0,7,41.2365373525255,97.55326834400569,6.450930905130848,6.65658929677416
Kolkata → Durgapur,2,10,83.4354220917007,82.82909500854589,2.0985695228632038,7.105622476298025
Haldia → Burnpur,4,9,93.07429719638358,87.9799834753884,9.574190856569347,11.277143760325348
Haldia → Burnpur,14,9,92.9628294939017,70.43702734604324,1.7558897797985877,6.9336782057753386
Paradip → Rourkela,16,6,95.19927332616739,80.47566626750401,6.701809063786158,8.267550312706636
Paradip → Rourkela,5,1,64.68863129814417,71.13279433362284,8.187884300707264,5.930733632696226
Paradip → Rourkela,16,2,63.383265700099955,88.24532920842256,5.7912101984465245,4.611317505902462
Paradip → Rourkela,20,3,83.02239794286763,83.33313551076282,7.083399904248686,6.5740491706199835
Visakhapatnam → Bhilai,18,6,60.53408231261089,84.77909248831625,3.6730855231882518,5.324291933524952
Paradip → Rourkela,3,3,70.19574045882803,78.70316580796765,5.698747676577394,5.451057503551924
Visakhapatnam → Bhilai,2,4,82.7912108901385,69.24147746376076,3.0221615446515657,4.912203704219879
Kolkata → Durgapur,6,7,94.67516510219548,82.03661406571692,9.821550728346466,10.592453108759404
Paradip → Rourkela,16,1,54.996140910804556,89.68151262441634,4.9904591238778675,3.35052944916253
Haldia → Burnpur,23,5,45.97854056862613,98.09789190116157,5.2290977706995525,5.054857041455284
Kolkata → Durgapur,9,3,84.20628117977506,69.1439767246979,3.128039659025534,4.520132696314613
Haldia → Burnpur,15,1,66.39841296006776,64.53418316842841,2.7572931896188004,2.8556446392047445
Paradip → Rourkela,21,2,62.50210904502745,92.31647197263769,9.363309875933956,6.646719757458444
Kolkata → Durgapur,14,1,73.96102744437708,86.81365935310295,5.083395338097966,4.032594839128032
Haldia → Burnpur,2,8,96.91288865191245,50.75260446740079,5.353018800591261,9.104145850564114
Visakhapatnam → Bhilai,15,2,74.93247770076695,71.26631295556109,7.510923543220191,6.3292021978439
Haldia → Burnpur,5,5,53.649149748088185,67.03055133638827,9.213430043054915,8.29692149154783
Kolkata → Durgapur,22,5,76.20789088428661,67.33732797524304,7.7088495530813095,8.064799898872522
Haldia → Burnpur,14,7,92.5699220579792,93.96357616156898,9.59621450279038,10.155554840182223
Visakhapatnam → Bhilai,14,4,52.420040248303295,96.08606427107352,1.6712986467396975,2.6536591100714464
Kolkata → Durgapur,18,9,59.05719855368468,86.24527531754217,4.973923609559025,7.531164615995111
Visakhapatnam → Bhilai,17,8,77.71358021547624,52.392760183299366,7.948612777936743,10.052719869560345
Paradip → Rourkela,23,7,59.613684554317075,57.12607585679281,1.552692684775078,5.077504630358702
Kolkata → Durgapur,20,9,93.72269672994719,88.16932227559414,2.6759040085253685,7.153836861501754
Paradip → Rourkela,13,9,58.584529032292586,50.120479097285944,3.398441409439835,7.29419113468696
Kolkata → Durgapur,10,2,42.61506773403355,88.3576982230966,3.364632820326324,2.5300777597548683
Haldia → Burnpur,6,9,71.00729550158132,57.32918132852844,8.737521344123927,10.726148044951227
Visakhapatnam → Bhilai,20,10,44.28140098464651,91.59625986525035,1.227689723719912,5.2331306664663355
Visakhapatnam → Bhilai,7,1,77.36070884946758,87.99053527562897,6.068122355789573,4.701883973445192
Haldia → Burnpur,18,5,96.53534512180528,76.28816701938476,9.886569931750211,9.80223897231659
Haldia → Burnpur,10,2,79.05865773725867,62.72822290072677,8.032426197496697,6.936650992601242
Haldia → Burnpur,11,10,91.05916844570125,70.00666781317705,4.844389247545496,9.238275245634794
Haldia → Burnpur,11,6,94.43285496755618,90.24973438671765,5.139175977929247,7.111496548049881
Visakhapatnam → Bhilai,16,10,56.53535156937092,61.62880319333608,6.7461690570887365,9.511185917467646
Paradip → Rourkela,5,2,40.760160227802174,52.895803953898465,2.050249058057195,2.3950381625904127
Visakhapatnam → Bhilai,11,8,48.243236840108025,51.4580252225028,6.974992820645224,8.60313229314032
Haldia → Burnpur,23,6,67.45219107343274,68.65369132351951,2.694755764887236,5.2673453646649335
Haldia → Burnpur,16,4,83.17373567518547,50.40415224630745,5.113726979491082,6.555365213024063
Visakhapatnam → Bhilai,5,10,47.54507915805866,71.92247384891489,8.026349759355316,9.80371275337665
Kolkata → Durgapur,0,6,87.2717429002025,96.51477167746853,5.583647791647799,7.038045528445384
Kolkata → Durgapur,17,2,48.440962463924805,98.1872776926557,2.765186518211403,2.1485952309914715
Kolkata → Durgapur,7,2,40.62717748716915,53.50240827154429,1.4085128389310786,1.9938748625428357
Kolkata → Durgapur,6,7,47.56524294546261,60.95756565656792,8.97258370503118,9.091356198251228
Visakhapatnam → Bhilai,19,5,76.47157773497189,73.8930228120115,2.436620559679253,4.778259211616478
Haldia → Burnpur,3,1,54.21150307224586,65.19742442301501,4.420244530218778,3.474543321838342
Paradip → Rourkela,4,1,81.89403047912697,99.90686059063319,1.4278687666695107,1.8154049625628517
Kolkata → Durgapur,10,1,54.771003252807695,53.32281926220378,2.7407978532724835,2.7211524243036447
Visakhapatnam → Bhilai,14,2,70.3595505446799,94.7308626458489,9.104721635862678,6.679002244941025
Visakhapatnam → Bhilai,13,6,54.770514465860174,67.7970369255392,5.008155852301211,6.292068206845748
Paradip → Rourkela,18,10,86.78934953160943,65.24327322597027,7.415605547933306,10.748178350188862
Kolkata → Durgapur,7,5,83.34109675351665,56.65141448463231,1.3977427464656227,4.705850260792227
Kolkata → Durgapur,2,4,41.423595889675134,89.90721664492223,6.975721642808531,5.629996529476927
Kolkata → Durgapur,6,2,67.91415734011879,92.79954407787937,6.472526592282702,5.064949794015597
Visakhapatnam → Bhilai,9,9,87.0783566708117,86.17212525626496,6.058378006505025,9.023934998902067
Paradip → Rourkela,0,5,44.27096800040663,90.77462254758126,7.194094524361476,6.329093303677459
Visakhapatnam → Bhilai,3,4,63.14104647770192,60.49906642586111,3.9815262112685037,5.073165792574938
Kolkata → Durgapur,23,5,43.742667825696394,53.49958542859858,7.17934332758216,7.049894322748216
Visakhapatnam → Bhilai,21,3,73.24689991095815,96.65385384105997,3.910746890426579,4.110778054763492
Visakhapatnam → Bhilai,3,8,91.59436463896132,52.12506158747603,5.531796728957533,9.02440774479384
Visakhapatnam → Bhilai,19,5,80.40508906569472,91.62885039728243,1.9677032042584253,4.260197586580248
Kolkata → Durgapur,14,8,84.83890719933902,88.84271653124094,5.177811627213083,7.874999861683202
Paradip → Rourkela,7,2,70.98109465371488,86.60312345234803,4.220835747499761,3.9298718190643416
Kolkata → Durgapur,4,6,56.88792141399923,82.37667536607975,1.8220992267234344,4.152363671132442
Visakhapatnam → Bhilai,17,7,92.4697719850927,94.38610921190153,2.7166670039154157,6.016371177664
Haldia → Burnpur,17,8,45.01032732951194,88.59953516003829,5.552186869384597,6.909631238315351
Visakhapatnam → Bhilai,3,5,99.44936618385921,81.80175808304047,6.746113715816589,7.895114053344919
Paradip → Rourkela,7,3,42.97106130792212,85.04743157113728,2.890817353663425,2.822673620012973
Paradip → Rourkela,14,7,97.15122200898415,77.3931471684172,5.794552312233728,8.343405104241418
Paradip → Rourkela,12,6,80.62889182855446,95.4099124502876,5.965198589053281,7.08978765928285
Paradip → Rourkela,9,10,48.44512467930426,73.63736436062277,4.322097452455732,7.573864924640111
Haldia → Burnpur,15,9,99.34647547839903,59.435087798056905,4.479942536429732,8.979658030248672
Haldia → Burnpur,17,4,40.001424057018575,57.668055260640166,1.9847538726869285,3.237533940109911
Haldia → Burnpur,2,1,62.64323731149088,75.25492352784502,4.928830608587385,3.8314970139402567
Haldia → Burnpur,17,3,67.03526889928412,63.07589650251055,7.853177136488052,6.961446418821144
Haldia → Burnpur,8,2,91.1326562093929,64.47715764135577,6.739456707142684,6.488110557740281
Haldia → Burnpur,12,7,65.41343471216354,65.29411862148409,8.953019466141082,9.528332348619873
Paradip → Rourkela,7,4,43.873586126374555,67.55917637177025,3.2185674249201734,3.8961645113079357
Kolkata → Durgapur,11,9,96.13162817494208,78.65981595938179,1.5074416661348642,6.715217525741545
Kolkata → Durgapur,18,7,40.98112544758751,57.84619560032496,4.94760765416483,6.541074443920024
Paradip → Rourkela,21,10,87.20461040637332,69.47314765166416,8.105775953188745,11.090140931071163
Haldia → Burnpur,6,7,66.05405815993332,75.02618511488565,7.399245731230026,8.420645481238303
Haldia → Burnpur,8,2,60.1769103145663,73.21979409841254,3.525331608499153,3.45611039256823
Kolkata → Durgapur,19,7,62.45200560712637,68.18389075993758,9.71572841641473,9.839319402863877
Haldia → Burnpur,12,8,43.32482627459274,57.67153934420978,9.691099524600645,9.960973716113973
Haldia → Burnpur,22,9,57.84430732831543,60.25669592517161,2.43201349796931,6.489403400127617
Visakhapatnam → Bhilai,3,5,78.1722703337968,58.992017475863236,3.438772194814004,5.728591077385041
Paradip → Rourkela,21,4,69.65730885513362,89.52482118200177,9.241716583064756,7.844252791852826
Haldia → Burnpur,12,4,80.71601419434813,88.25595075264133,2.796465715641876,4.334240840162742
Paradip → Rourkela,2,2,40.45770851577654,94.11343926744064,9.778852854021153,6.198774182537175
Kolkata → Durgapur,3,3,70.4595621411666,73.3258056890204,4.362326119790263,4.764666422328748
Haldia → Burnpur,1,7,76.3705993488116,55.677403045908655,5.056999359321479,7.711769535139061
Kolkata → Durgapur,20,4,78.08590720011881,75.28811691268774,8.670832209731417,8.039314203588658
Visakhapatnam → Bhilai,22,6,50.86865198401061,52.31311835826482,4.94985908824301,6.449712645300828
Kolkata → Durgapur,0,4,80.46556944719563,64.8516516707916,8.312790490251079,8.104608344150684
Visakhapatnam → Bhilai,17,10,46.08471249313376,90.80186121795906,8.51948271977545,9.6781937823001
Haldia → Burnpur,23,8,42.45984571748862,64.712272717834,9.581595740121484,9.728507361240869
Haldia → Burnpur,23,6,74.02010948657622,57.14201092612464,1.7297430437446009,5.115608892321554
Paradip → Rourkela,15,3,99.87509894972061,85.77613541179399,4.240805503498661,5.325213562354935
Visakhapatnam → Bhilai,3,8,71.07799641091438,80.76847011207047,1.1105710974138998,5.183313148534362
Visakhapatnam → Bhilai,5,5,84.07437833648353,90.24195027572918,8.075803210871749,8.06287427110297
Visakhapatnam → Bhilai,16,8,98.93214787997422,76.41292536854964,6.911182003163782,9.586415130926504
Paradip → Rourkela,23,9,40.042627069880396,87.93546148056555,3.0650122277289453,5.781576919122468
Kolkata → Durgapur,17,8,51.745358122621994,78.23408426285356,9.74245531692274,9.833152248575233
Kolkata → Durgapur,16,4,78.89975562329634,50.58109782629876,4.163932410157193,5.85373015826723
Visakhapatnam → Bhilai,5,1,49.634954668749145,98.23898296328422,3.2412185259273603,1.9690000963532057
Haldia → Burnpur,13,10,86.0462626633209,78.13501302284907,2.4736522126570906,7.5028789470369
Kolkata → Durgapur,8,5,84.394388246149,66.78681785657312,2.280088603310301,5.064148452239188
Paradip → Rourkela,18,1,51.92825516406268,67.44467033943835,3.809251068795382,2.9945048894103428
Kolkata → Durgapur,4,1,83.02353800106049,84.71609107493836,7.444117906071321,5.76285506217584
Visakhapatnam → Bhilai,8,7,60.35701110477042,94.11047253805552,1.610590857944285,4.394855397148572
Paradip → Rourkela,13,5,44.98652187361104,65.67834860862496,2.9741465526345894,4.320516615616586
Haldia → Burnpur,12,4,50.19954054421284,81.13419228191572,4.420209582057149,4.53542811992236
Paradip → Rourkela,20,6,85.61424523301169,54.536762089421956,7.879339470401949,9.205295797443082
Kolkata → Durgapur,17,9,91.06468903394142,70.20961514419491,8.186694748066394,10.739765216974181
Haldia → Burnpur,5,4,75.60072743838052,94.26283540107083,1.6684859135290413,3.383856663247424
Paradip → Rourkela,18,3,40.35521686882169,77.5021201938019,7.50399935175227,5.663013713239975
Kolkata → Durgapur,11,6,43.56980451987555,59.236696673078356,1.197765693344889,3.8410196181416323
Haldia → Burnpur,15,2,69.02093529222586,97.67597126326532,5.539397476492014,4.440747119396677
Visakhapatnam → Bhilai,15,1,93.65755247910434,61.215894737593146,8.372850703775963,7.109119101886845
Visakhapatnam → Bhilai,14,6,57.224397590942615,82.7343787143658,5.228788673789692,6.199317557714777
Haldia → Burnpur,16,2,75.33638738498556,80.6485332482027,1.5486391636251458,2.5763044547606
Visakhapatnam → Bhilai,17,5,43.425951714497955,66.70968954780312,4.776292499450351,5.3343602601490865
Kolkata → Durgapur,14,5,54.84413903120653,68.0631504788286,9.158645600551592,8.279248521690578
Haldia → Burnpur,12,9,47.97512734218358,67.8510405849804,3.8523358105887193,6.893634494919132
Haldia → Burnpur,4,9,71.82453266542015,55.62464651124952,8.255807581301703,10.495727598518634
Paradip → Rourkela,19,6,82.81619677529675,54.60864259815954,6.810610668933506,8.478679452655815
Haldia → Burnpur,19,6,99.87356698695602,76.64151461905381,3.0364587926116284,6.2852519927945805
Visakhapatnam → Bhilai,12,7,93.18412509032848,91.85488736924464,1.0515955321174164,5.089383324595412
Paradip → Rourkela,17,4,59.740015190268096,85.08289818015038,6.624212441069923,6.065069956746989
Paradip → Rourkela,18,3,70.17345272664934,60.00064531739493,6.577951029581264,6.35196129320034
Paradip → Rourkela,15,10,72.83882032262142,53.98529341617579,8.578924739986057,11.252813585346761
Paradip → Rourkela,17,10,44.15403413256576,64.80335103498363,3.1321367260117885,6.907836038884373
Paradip → Rourkela,19,8,71.39183537566466,86.4580581254493,2.0991755216829246,5.672099211770709
Paradip → Rourkela,5,7,44.27346910254947,72.55718030897555,4.344004118849579,5.983462938206721
Paradip → Rourkela,17,5,61.19559935617397,88.049013420463,9.21130376603235,8.101669971895369
Haldia → Burnpur,14,6,60.24658930471023,87.93469673551976,4.679157715781672,5.856198373899915
Haldia → Burnpur,6,2,61.435628256111684,66.50216925055207,9.748794446928647,7.362302130829497
Kolkata → Durgapur,2,10,56.30665949896361,90.57080471290547,3.2063455095508955,6.801590996441336
Kolkata → Durgapur,2,8,62.064416536672326,88.660699383272,7.9254843704388955,8.844009130698067
Paradip → Rourkela,4,10,93.66504471363348,54.11185611855686,5.826408661187381,10.223559415750294
Kolkata → Durgapur,10,5,42.774204274667284,59.062374020423015,7.582246858194618,7.151326762748329
Visakhapatnam → Bhilai,6,8,77.31480855018336,90.84464475027508,8.175987570053994,9.408143903532395
Paradip → Rourkela,7,8,73.72162783149935,64.11363155754023,4.209070529487473,7.45481852148666
Haldia → Burnpur,20,1,95.23878657551359,79.25033037836559,9.665240123743732,7.571301063944335
Haldia → Burnpur,13,4,77.70485528355181,96.13939360774862,3.346096067156245,4.416015426645329
Haldia → Burnpur,14,2,77.56336947909207,69.61052333162108,1.7989613017553219,3.0140673987935336
Paradip → Rourkela,3,8,47.43349223524433,59.99252783645212,2.01702402430533,5.433368624911485
Haldia → Burnpur,20,4,97.23553250855298,98.6220692300532,5.048474321758829,5.973709183710822
Paradip → Rourkela,16,10,43.0435649774117,70.84049892031524,7.181856736565882,9.183611012855575
Haldia → Burnpur,7,5,64.82227087949283,83.22919334126404,2.0011226103849618,3.980757825790482
Haldia → Burnpur,21,6,75.09121307750166,64.96948465454011,2.161627498730531,5.250323198472565
Paradip → Rourkela,14,7,65.04562606366173,96.51642392816615,8.483858604215882,8.611355465876057
Kolkata → Durgapur,22,10,76.32179347808832,96.14212345346968,2.1909630308136334,6.681389153761437
Kolkata → Durgapur,19,3,53.77848609546461,97.03309675932604,7.28704334169433,5.544918652694015
Haldia → Burnpur,23,9,66.17737162483807,59.03100170570028,5.509264309993741,8.610259700627381
Kolkata → Durgapur,12,5,76.74820401735553,89.01698312217886,3.9791147289583644,5.4095752954521075
Haldia → Burnpur,23,9,41.72546195049552,99.04219857283314,2.722952724265317,5.4046915216173925
Paradip → Rourkela,18,8,71.5950378922164,85.23733616157018,8.308397573269675,9.428142957496892
Paradip → Rourkela,7,1,79.46702202557346,72.08902955838667,6.74692877471875,5.49038733443072
Paradip → Rourkela,15,10,69.41813717924366,71.72306751537275,3.7435418115915406,7.894207852024779
Paradip → Rourkela,0,7,60.4881404373523,61.890472185413735,4.107492778661112,6.541330436608961
Haldia → Burnpur,10,7,97.99042842851598,80.0955267480845,6.623067112000624,8.811642585094162
Visakhapatnam → Bhilai,3,2,96.86765528347712,90.46758906000926,2.6221708714678797,3.6699804001848557
Kolkata → Durgapur,21,10,59.33079760693574,62.74702531004367,3.17134052622215,7.427787737740489
Visakhapatnam → Bhilai,19,10,64.8100414581911,79.5784850922754,6.7010370246700015,9.373353756702226
Visakhapatnam → Bhilai,20,7,78.98257710253048,50.744269300939045,9.176917437329104,10.360742389454597
Paradip → Rourkela,21,6,74.45684703414663,56.210637489129546,1.7640079664315045,5.16789744110071
Paradip → Rourkela,14,7,96.02465937607258,68.92028044542123,8.595505932168003,10.159637731674554
Visakhapatnam → Bhilai,8,8,73.55643268152454,92.48308673223033,3.6336444682659974,6.537217926760729
Paradip → Rourkela,21,9,55.89064334746236,98.31630699241195,8.136587101347077,9.092345421383879
Visakhapatnam → Bhilai,2,8,68.47901520831272,56.91917106199904,8.362121770012033,9.933260097016621
Visakhapatnam → Bhilai,0,3,66.7815335165316,82.14027267364743,9.196567493517694,7.378581048133615
Visakhapatnam → Bhilai,22,5,77.34512349552274,87.43145095544217,8.240911720941522,8.016271718321752
Haldia → Burnpur,12,10,83.84835588514576,53.54705355086495,5.440001826100214,9.708510701197202
Visakhapatnam → Bhilai,11,4,44.09368561071747,84.51780616209379,7.0554872229178835,5.865746778830378
Visakhapatnam → Bhilai,13,2,48.36283655386631,98.69621490682911,8.062778726848425,5.314628034588462
Visakhapatnam → Bhilai,22,6,61.8146178681467,71.67063507598805,9.617327679837452,9.191422442427111
Kolkata → Durgapur,16,5,76.74160484417531,60.06445864562949,3.1075741988031385,5.465503491694552
Kolkata → Durgapur,3,5,47.863549130357704,51.42005331299031,5.8125439359740785,6.395031769235372
Paradip → Rourkela,12,6,91.42049822556393,50.4531102353387,5.502278569111831,8.034919883527243
Haldia → Burnpur,21,6,46.06255704434204,86.10462298294263,9.977157750554259,8.646078902003964
Kolkata → Durgapur,21,5,54.370555245577314,77.55081855371346,7.969787405496472,7.361972729590933
Kolkata → Durgapur,6,3,52.34167951947106,94.93641474310806,1.4840352009959905,2.061943211319565
Paradip → Rourkela,22,4,99.53670498830749,70.38776849314722,2.956212795463041,5.352073457064105
Haldia → Burnpur,20,1,79.44810052834126,74.53137600868882,4.351515395753909,4.003724733128806
Kolkata → Durgapur,8,1,78.61660301745529,56.292270791569955,2.5729084339794452,3.276397735079927
Visakhapatnam → Bhilai,1,1,79.85126860927234,69.13171988182495,3.3795024155331257,3.5406051099615468
Kolkata → Durgapur,9,10,70.68710715895078,85.48026714609958,3.8689965492704763,7.732405801408817
Visakhapatnam → Bhilai,14,2,81.58276771406122,72.5581036376557,1.9778148983297479,3.1830098976665715
Kolkata → Durgapur,2,7,60.54959518299243,95.24347369077327,7.504880005888932,7.914546385207666
Haldia → Burnpur,11,4,43.02603389205601,51.598804122790426,6.227199037642935,5.995124356891632
Visakhapatnam → Bhilai,20,3,49.61569491184544,68.1461152749566,2.228260252640755,2.962504693440684
Kolkata → Durgapur,18,9,54.73546820982628,93.65247518112355,1.6646780294123569,5.267821360319731
Visakhapatnam → Bhilai,13,9,73.64602690963429,98.69324656521164,8.68791807787884,9.948266722712098
Paradip → Rourkela,17,9,89.95123347651949,62.41295148163241,2.797580839640531,7.628826478447254
Visakhapatnam → Bhilai,11,9,66.03710964533909,63.295722896072974,4.77075054658394,8.077649159389077
Paradip → Rourkela,9,10,97.15073469306675,91.42035951583335,7.434407338852397,10.546759253786773
Visakhapatnam → Bhilai,10,10,80.83320748024414,70.38900149121488,3.165813175130855,7.91670409966154
Kolkata → Durgapur,6,1,88.81352509754947,79.25074983850509,6.942870689803421,5.745113170038435
Haldia → Burnpur,4,3,87.22360147628342,70.67979074978219,7.784458991151919,7.373787623984009
Haldia → Burnpur,4,3,68.65543201410058,64.83075006225565,3.1971700485314942,4.181349988296801
Paradip → Rourkela,6,4,85.03213808371942,97.33585573548409,7.446366417391819,7.072066878236992
Haldia → Burnpur,18,5,74.33150056245304,99.22280121698788,3.676332319742753,4.9512883843794855
Haldia → Burnpur,22,3,44.30242642176654,98.05851536351588,9.580990758822225,6.616496940676012
Haldia → Burnpur,19,9,69.26542401002865,73.15119102020091,1.0277552301884902,5.731592038009935
Haldia → Burnpur,14,10,81.30862086188606,64.9228327194239,6.90600266649834,10.284403571367108
Haldia → Burnpur,6,2,92.76434168515408,74.80097581857686,9.427030548507853,7.943129063287796
Visakhapatnam → Bhilai,5,2,85.24412897633611,58.33025670371985,7.8910053082369105,7.125321920157832
Haldia → Burnpur,1,4,41.04341236640058,92.71877207531122,4.973467804276696,4.361007612051811
Kolkata → Durgapur,4,3,80.91456747772463,79.33123369012307,5.868165095807078,5.861711408013524
Haldia → Burnpur,21,3,84.43572673357929,79.79762888803823,8.617568186865402,7.607660136365855
Paradip → Rourkela,19,9,96.23678358725746,78.61424876933754,6.957321048419843,9.989211161282878
Visakhapatnam → Bhilai,10,5,59.962005523655236,86.9082968938504,1.2148259589993544,3.2895898032322615
Paradip → Rourkela,11,3,82.87278380667404,76.62313723144051,7.5516091011298805,6.984686230249339
Paradip → Rourkela,12,7,47.53291078713687,97.05557246594813,6.728200618926075,7.021796245650789
Visakhapatnam → Bhilai,15,7,50.1977996849359,79.40092980676746,4.319046559748358,6.009343330261743
Visakhapatnam → Bhilai,16,2,52.410636191612454,52.231952148031915,4.489258763975398,4.221235301172975
Visakhapatnam → Bhilai,1,5,80.6820029717396,75.68296074144979,4.5123862627944025,6.114232631999833
Kolkata → Durgapur,1,2,97.60242925341512,51.99937000952312,8.077698237930651,7.734704420170382
Visakhapatnam → Bhilai,20,2,43.80974555507784,69.38971966083773,7.803982896971021,5.608887711618193
Paradip → Rourkela,15,9,88.21634398394824,92.3310119181258,8.699040435388385,10.519294342388962
Haldia → Burnpur,5,2,87.63950244355811,71.16588757101569,3.198888758273647,4.1252005768506175
Paradip → Rourkela,17,6,46.47382509988898,65.6255938406845,5.242058781296835,6.22693814496108
Kolkata → Durgapur,13,10,41.577781891575654,84.13941671431853,9.267271448738013,10.124907991703708
Haldia → Burnpur,20,7,52.659314984245796,54.0665558312716,7.662558546128366,8.595983460578962
Paradip → Rourkela,13,9,90.68538057811858,59.707754473656856,4.587896591119484,8.779144282542111
Kolkata → Durgapur,17,6,76.96946762611165,56.90651320362596,7.380384460731646,8.599184441149818
Paradip → Rourkela,5,6,84.11415639277315,79.28887147915206,5.330819483173563,7.136138952104291
Paradip → Rourkela,3,2,66.56795435781143,90.78723122411753,5.539639917436751,4.505077956714043
Paradip → Rourkela,7,9,40.9713897681112,91.99170244345409,4.216615380816024,6.419276872663868
Kolkata → Durgapur,3,3,48.19122332592822,51.02894878402657,2.710586820934185,3.551509816657826
Kolkata → Durgapur,12,3,93.33244969773409,57.35962490963414,9.547271030928082,8.881143611296189
Haldia → Burnpur,18,3,56.671806684437854,97.73059885533618,1.5009188714914186,2.1460935463212625
Paradip → Rourkela,14,9,93.70837082625799,86.37835124452603,3.969725017021584,7.965519110110169
Paradip → Rourkela,7,2,40.50435119673968,51.55088375369776,1.2581975861815669,1.9390314125371753
Haldia → Burnpur,11,1,45.76465102352042,77.37868313599682,7.598942806289084,4.884731551759126
Visakhapatnam → Bhilai,12,4,56.10127805240781,87.4306017908371,1.231234407752563,2.6731669504070297
Kolkata → Durgapur,18,1,85.44406938758706,86.86955583555827,4.0918407887229815,3.7810354381502354
Kolkata → Durgapur,12,1,94.83312138183783,69.13295346739909,3.074386946701298,3.8069667401279315
Visakhapatnam → Bhilai,9,5,82.35728745640098,87.29356734138975,2.064389708899387,4.4634811022038665
Haldia → Burnpur,20,3,53.511716741203124,88.27008972594845,9.254068679903089,6.892390915658978
Paradip → Rourkela,16,7,54.222540547556534,89.29099457604026,5.717121712673359,6.771129352509906
Kolkata → Durgapur,16,9,61.682495236183605,70.58580419796718,6.483957213076026,8.82913310097178
Paradip → Rourkela,23,8,42.06288905235607,50.90868597629919,3.657245717344671,6.438060382451501
Kolkata → Durgapur,20,2,72.82624096454111,72.46452064323046,4.165479687994125,4.234784628868098
Paradip → Rourkela,19,9,54.63901130293107,52.739077023503015,5.774125535626558,8.548864119993805
Paradip → Rourkela,8,1,98.9830042647611,97.63402631788091,2.0136080213529013,2.7249744143969554
Haldia → Burnpur,8,8,91.91708123147127,63.59458248541292,1.8425987003943005,6.59118000747246
Paradip → Rourkela,17,3,54.47089045393033,92.87366560735339,2.083891759534291,2.5269884571914165
Haldia → Burnpur,17,4,72.80196642019965,80.57602626145018,3.4407687348991667,4.636999708316486
Haldia → Burnpur,19,1,87.75020765779416,74.93457702739252,1.3542916044730013,2.4463896518697754
Visakhapatnam → Bhilai,21,5,40.19911426138484,65.75410607613927,8.766680765274259,7.650899765483315
Visakhapatnam → Bhilai,2,10,57.4188432275627,88.70577525343215,5.947817307982143,8.517140176547523
Visakhapatnam → Bhilai,14,7,67.7079988441896,77.51056951757694,3.2804824975995928,5.949318073533905
Kolkata → Durgapur,14,5,90.42926464498234,60.18205429735593,3.322749305978428,6.0028864369894075
Visakhapatnam → Bhilai,17,4,95.7102644626308,75.27557418812141,7.920116542084006,8.1178663753669
Paradip → Rourkela,0,4,63.179353865653944,61.65649046011004,9.959117779459898,8.637721474443357
Paradip → Rourkela,20,1,95.29681344628142,86.57982684807436,7.458731714183306,6.102546894936938
Haldia → Burnpur,4,2,85.85610103111256,66.96449420918671,8.51895428682109,7.347765718842297
Paradip → Rourkela,2,10,83.24799488471842,57.218423238411916,6.584143351102707,10.30355739243494
Haldia → Burnpur,9,1,83.84567676349539,81.69017478726705,8.928198548246407,6.738485936107365
Paradip → Rourkela,1,4,57.044912511181366,87.55210471829267,7.0382763999048885,6.18327112091252
Haldia → Burnpur,0,3,54.8606208381376,82.44010704921703,8.974580698774446,6.881764903424454
Kolkata → Durgapur,18,7,57.46785875712061,63.62101043251174,2.986175973174868,5.743321137968304
Paradip → Rourkela,11,4,47.93890193128149,91.15193383815118,6.072534647011725,5.258649169382456
Haldia → Burnpur,14,4,63.16662137992199,59.7897654129912,1.2267321724149816,3.4352426365868243
Paradip → Rourkela,10,10,62.3908662865158,83.85976087504079,5.269686176851725,8.356342477205693
Paradip → Rourkela,8,1,51.88586403657747,64.5965686195981,9.562772541013175,6.502308073313266
Kolkata → Durgapur,7,3,87.66970711942753,77.47159958629281,7.295589680208349,6.958013029981979
Visakhapatnam → Bhilai,20,7,71.89506426169149,61.257075217347605,3.950882504101898,6.8022399259649315
Paradip → Rourkela,0,1,75.50911618796066,93.20657197021936,6.336523830363415,4.703056344452481
Haldia → Burnpur,4,9,91.55995180152803,77.6351925794359,7.180103916654813,10.00215705245001
Haldia → Burnpur,23,2,66.74358267162036,92.15026180452391,1.8810013643424153,2.287903062663582
Kolkata → Durgapur,21,6,83.3851255807382,93.09970847507128,1.067505318641304,4.280062789105502
Paradip → Rourkela,18,7,74.64360875652326,76.67721142903457,7.938666310591957,8.96896382047018
Kolkata → Durgapur,8,6,97.32161789539299,77.22996401036949,7.626176257502817,8.95075501115609
Paradip → Rourkela,8,3,66.46360974197218,50.36723627838846,2.2431210078298562,3.8324361713893094
Paradip → Rourkela,22,4,83.04984098544816,53.9207989999297,8.127272539247251,8.289442773113201
Paradip → Rourkela,5,6,96.75715505445821,60.6471971297804,9.101384459124807,10.15060138451302
Haldia → Burnpur,7,7,55.339489686640576,66.05721973794249,4.837617591515102,6.741610850749428
Haldia → Burnpur,13,9,85.36392788054155,57.2986087754112,2.7444362486875566,7.561607410120556
Kolkata → Durgapur,8,8,89.61715585033302,70.21416114547733,6.927873225183015,9.440955387710254
Paradip → Rourkela,23,7,81.80863258114084,70.73550117541146,8.076290737014943,9.385323396134961
Kolkata → Durgapur,16,1,91.42564622049741,67.71007506510999,7.213350815661504,6.216578374709625
Kolkata → Durgapur,17,4,59.29005376820546,90.66945618768911,2.3163397432895927,3.3551163352661373
Kolkata → Durgapur,11,5,68.58264300123133,94.6868685328376,9.40632842819948,8.307538976299876
Visakhapatnam → Bhilai,1,1,96.85360296647632,74.55531208179912,9.547409531275516,7.642947566123616
Haldia → Burnpur,0,1,86.13010471756981,55.14842940109019,4.985038693843562,4.971957769811427
Paradip → Rourkela,3,10,83.20483719143013,91.73343801596485,4.149815224721268,8.151365490256367
Haldia → Burnpur,20,10,71.18248574349673,78.69738734539082,5.522512248314241,8.875034174385629
Kolkata → Durgapur,3,8,51.31628821689287,63.57223669099822,2.412640487816944,5.715628205376988
Haldia → Burnpur,13,8,99.62597846887687,64.49850727047448,6.769740787710766,9.760653681283276
Visakhapatnam → Bhilai,14,7,58.160177034855664,55.74853351658873,8.433915061376924,9.190183677540048
Paradip → Rourkela,15,5,82.4236163950243,95.93631167921461,6.689479688796408,7.067670071544281
Kolkata → Durgapur,18,7,92.42913601814149,94.47167966391729,4.191031930794319,6.8980596457424905
Paradip → Rourkela,3,10,93.26370526330834,52.886488421118464,3.95371626163593,9.112411146458438
Visakhapatnam → Bhilai,20,6,41.69644031740441,75.21292048212925,6.31719683853298,6.536952902999335
Haldia → Burnpur,23,2,49.69748084844835,90.24317957268553,7.967295816812493,5.466438324087235
Haldia → Burnpur,20,10,77.22739225139608,78.52687879480472,5.515353858506268,9.055496506749549
Visakhapatnam → Bhilai,5,6,52.02833965304828,90.58657113265974,3.0617599980227723,4.586174765751917
Kolkata → Durgapur,4,7,44.297626078637386,79.11272886543338,4.4775512628237095,5.933204962744679
Haldia → Burnpur,17,5,93.04460946594011,78.42921330309181,7.293322344270794,8.098747424478844
Visakhapatnam → Bhilai,3,3,66.76747301359578,58.532130612008345,6.42550919414752,6.187687094656218
Visakhapatnam → Bhilai,7,10,52.004687136328165,91.35659388842018,4.898267816560446,7.671969426257709
Haldia → Burnpur,20,7,67.60689662726776,92.5903584480939,9.315804668828111,9.265882531153022
Paradip → Rourkela,19,2,80.32952529727922,57.53063933654732,7.530708017870618,6.777697782909801
Kolkata → Durgapur,2,6,69.26622155533563,91.35943490778595,5.383310132778339,6.480784028171353
Paradip → Rourkela,19,10,56.59532833809663,63.889608878652666,6.7285491336521615,9.457197152761141
Kolkata → Durgapur,5,8,94.91952152513406,77.36951165481976,7.748440641655773,9.94925979765109
Paradip → Rourkela,4,6,64.30891308933788,84.81534521737115,7.942131419869381,7.998239340254342
Paradip → Rourkela,3,6,42.760266698729694,93.47718590645711,3.999747727328057,4.813112919229583
Kolkata → Durgapur,11,2,67.20861797134587,61.87799480137272,6.9849278777295,5.969655369750621
Kolkata → Durgapur,14,8,98.49684413984369,97.49278017992489,5.482147697803979,8.2943383392792
Paradip → Rourkela,7,4,46.476221323033734,57.76396273146441,5.62284901340257,5.6127167931032655
Paradip → Rourkela,14,4,63.45428259823838,97.66447783855182,5.655944933513821,5.343905881284407
Visakhapatnam → Bhilai,3,6,78.08723591314119,52.73989922819513,7.163379283040951,8.585846662654902
Visakhapatnam → Bhilai,4,4,45.31524424566725,82.50654278005092,3.3682437036418493,3.7302726939541087
Visakhapatnam → Bhilai,9,2,90.96342767709243,84.26782852954443,3.124539365183487,3.9182698788319756
Haldia → Burnpur,7,1,56.96845611632767,71.11824333863115,6.266222005690607,4.546422020131571
Visakhapatnam → Bhilai,4,8,78.18701155099646,73.1089820116375,4.470490277078845,7.56572487254445
Visakhapatnam → Bhilai,14,4,93.47233614793971,55.77196750806239,1.791624722687628,4.76370556788952
Kolkata → Durgapur,3,10,78.18079388572112,82.47906100194318,3.56740607844813,7.836286243601648
Kolkata → Durgapur,8,2,91.57611619476339,88.58605273961092,1.954896195665786,3.1485001484501542
Kolkata → Durgapur,3,10,53.77992761923964,79.16115722706508,6.360114247238203,8.846243232378809
Haldia → Burnpur,12,2,84.90706002194102,69.2662735766682,1.545079953204972,3.08893430104785
Kolkata → Durgapur,18,6,74.66015284440297,70.48137141425309,2.7821362168593335,5.499458887162627
Visakhapatnam → Bhilai,12,5,95.09593855299835,84.16992211387856,7.788655400905797,8.342672954855857
Haldia → Burnpur,1,7,59.01092594018829,57.30807357926879,4.384974453902828,6.75515097896197
Kolkata → Durgapur,2,1,67.07917566055366,61.884944538081285,4.252001009700813,3.825876984875472
Kolkata → Durgapur,23,4,46.936865713102065,97.80795460675128,3.0805010976323586,3.300247537837451
Paradip → Rourkela,4,2,80.31027596812152,69.45953012126506,6.937803181731529,6.182799585657261
Haldia → Burnpur,8,1,79.43132688518189,56.5378058066223,9.658397924331192,7.547222445021726
Kolkata → Durgapur,7,7,97.27434059431124,98.97012666801926,2.306359257864576,5.822643239187697
Kolkata → Durgapur,13,2,53.48753396687064,82.43152919945544,7.100186815938528,5.216107524580127
Haldia → Burnpur,23,2,93.58253372464989,74.37908503236267,4.308345019578572,4.904901322839386
Kolkata → Durgapur,17,5,91.5679860744566,97.22559759800396,4.299676621011472,5.882333602880502
Paradip → Rourkela,14,2,97.21383118466917,63.995381157590444,3.5393645432019407,4.760126038309431
Kolkata → Durgapur,13,3,92.9388142362102,56.28800901589248,4.160240370740203,5.658548469212578
Paradip → Rourkela,0,2,63.08150545513001,55.86233405228978,5.422248978167232,5.028547869508444
Kolkata → Durgapur,23,7,91.65303354362078,59.307924419950425,5.330317263487829,8.261622876002312
Paradip → Rourkela,8,9,41.058139057681956,71.59979529689076,2.5385730369157193,5.8228920879420745
Kolkata → Durgapur,23,10,96.27939678971163,56.110223459609195,5.416721731189718,10.016210473212995
Visakhapatnam → Bhilai,0,10,84.3161223449396,74.40038916652104,5.099291348997708,9.101050696416392
Kolkata → Durgapur,10,9,54.850274117305524,88.75427931047747,3.0541258554149846,6.202898150558607
Paradip → Rourkela,18,4,83.34447846914443,95.76484671514552,3.042679930279592,4.410645377939177
Visakhapatnam → Bhilai,15,5,40.234118389861514,50.46040486207118,2.262379374414527,4.055243079103138
Visakhapatnam → Bhilai,22,8,53.52586747758277,77.86887454499546,8.026831392319252,8.864497368819123
Paradip → Rourkela,19,1,86.38442481514568,78.65181070710697,9.079846919727284,6.9664046821486005
Kolkata → Durgapur,6,3,59.44743558113761,85.90007201386865,7.847064401964738,6.273660268335598
Paradip → Rourkela,2,1,52.12542404465416,78.37944545818807,9.097485764898336,5.954665271114864
Kolkata → Durgapur,14,10,69.78894357064438,96.31824264133178,7.404706862325291,9.610127571687869
Haldia → Burnpur,2,4,87.12168465170487,98.18327217638232,1.3789539445608765,3.4773574627600254
Haldia → Burnpur,7,1,66.80267675935968,98.75696569533095,9.720459466928775,6.361216669031436
Paradip → Rourkela,0,4,60.7109687390452,71.40307522545443,3.6449642123020336,4.580246085043487
Paradip → Rourkela,12,3,51.114708640726214,57.56028837795566,8.654712564414694,7.075063030311489
Paradip → Rourkela,9,6,65.67977383367314,83.8568635595397,6.914470090884456,7.441937998350074
Visakhapatnam → Bhilai,8,9,65.15564868997788,84.91544028623369,2.184005995133212,6.066764252054589
Haldia → Burnpur,11,7,73.81627731362471,81.65017845055357,7.901455992688353,8.822358346010681
Haldia → Burnpur,13,8,66.07792778886338,93.17841724365843,1.5568477002636425,5.052878108950918
Haldia → Burnpur,22,3,70.01058853943819,68.10202523669493,8.865805651861752,7.557760542566298
Kolkata → Durgapur,1,10,57.15348371150961,97.16904168915895,7.366926601724082,9.191379638596558
Haldia → Burnpur,22,4,41.016009735430536,62.589712670785865,6.992966733678568,6.17446607885434
Kolkata → Durgapur,10,1,69.06630009642531,98.68056050562419,3.9215354120131334,2.951299039988155
Visakhapatnam → Bhilai,14,5,62.116352343651414,82.43547622630518,9.083378651531811,8.164808236702525
Paradip → Rourkela,7,4,93.78690793233284,50.59894285019059,3.538352551359567,5.924639911781913
Paradip → Rourkela,18,3,46.79991678147663,94.04658649122737,7.075151084354945,5.2681564242327195
Paradip → Rourkela,15,9,80.16590723295909,52.82210340442549,4.910551895999057,8.794866286499698
Kolkata → Durgapur,13,3,98.57333447683283,66.22617025988043,1.777853322246272,4.199388622455139
Haldia → Burnpur,21,10,86.35160610884829,53.707099156919014,9.577737960742201,12.263048976572389
Haldia → Burnpur,5,7,69.51999953475544,61.28313783999502,6.4100304733153965,8.205955513232
Visakhapatnam → Bhilai,7,8,83.2747688091601,78.32927960412019,8.97699755227233,10.317856003555796
Haldia → Burnpur,10,6,99.8287189939764,85.0283734836593,9.117214907496312,9.764623044643892
Paradip → Rourkela,10,9,46.279133199292886,58.19606629125049,7.577771937933288,9.27111583291375
Kolkata → Durgapur,3,6,47.3940422483042,99.54118029896722,6.596905454852711,6.389140934381407
Paradip → Rourkela,2,9,65.21242767610704,69.24639579881153,9.848785364593141,10.980716133062863
Kolkata → Durgapur,14,9,85.18463155195587,89.43147592437072,9.245476702325993,10.814195449466858
Kolkata → Durgapur,0,8,80.45594375794096,81.04272228082577,1.7404791519826066,5.837111358311278
Kolkata → Durgapur,1,7,41.84230227668591,68.45339723695318,2.87852959692845,5.113318881718584
Kolkata → Durgapur,23,6,95.0951193937039,93.59228844553687,5.734869577313668,7.42192955928858
Kolkata → Durgapur,9,7,90.45595346866143,58.29276561437196,6.797832929736474,9.126523049614288
Visakhapatnam → Bhilai,0,8,88.37257789777797,51.28976034970654,9.930865974714155,11.583901714767702
Visakhapatnam → Bhilai,17,10,44.432381954576705,79.92035557578507,7.661132052903475,9.331243578863685
Kolkata → Durgapur,20,7,50.17817622772624,84.40648544501146,7.806746836556545,8.001263679865485
Haldia → Burnpur,17,7,52.67083390842156,87.45574187153116,2.1115392785934803,4.597933746978111
Paradip → Rourkela,16,3,94.2971972005728,63.402203549181564,3.549636810439388,5.190653931297186
Kolkata → Durgapur,13,8,58.40589578750628,62.10673900562778,8.344749803485303,9.516891975603816
Paradip → Rourkela,6,7,64.11961348183483,88.37100385839577,4.593027332658192,6.411984726882045
Kolkata → Durgapur,2,1,48.05712606385896,99.99073765799452,9.34079981372602,5.5463789169914905
Haldia → Burnpur,22,1,43.05888994773984,65.93084821994859,2.527997196640358,1.989948052017438
Kolkata → Durgapur,14,4,61.03375133226261,79.60663402025264,2.664334948556383,3.8374808286966546
Haldia → Burnpur,0,8,41.10798364915473,71.95192835564261,9.032041233694764,9.213425682578647
Visakhapatnam → Bhilai,2,8,89.80765092582692,89.07297047463305,6.8163512127785655,9.002580845949286
Haldia → Burnpur,1,3,72.02360869465303,95.71254252173523,4.227707352358522,4.28308182182
Paradip → Rourkela,21,4,53.31052300522569,51.546911715810715,6.979679944450021,6.756185422510569
Paradip → Rourkela,15,9,75.16809109158433,62.50619808408918,3.932414213977503,7.8643672994522476
Visakhapatnam → Bhilai,17,9,97.3772131052324,72.23304587387065,1.8039160506117815,7.0590051060466275
Paradip → Rourkela,11,8,99.76321140777829,77.70734331066478,3.427705029779343,7.495372493887659
Paradip → Rourkela,7,2,73.70448178566407,95.5793079983207,3.5720547612741447,3.4427811503679946
Paradip → Rourkela,17,10,50.13078391407957,95.85335573858976,7.124165556988644,8.861355736843779
Paradip → Rourkela,15,7,52.11304752483147,57.201000839256764,1.518907396621995,4.830715846933006
Haldia → Burnpur,15,7,48.41021759970437,98.51558079833205,9.30541737502212,8.565245337037762
Haldia → Burnpur,13,5,56.07466937486487,65.19774104008444,7.690867658185353,7.492805855355469
Kolkata → Durgapur,0,5,44.41115692522172,58.00208224038202,6.952735780172231,6.84393453105235
Visakhapatnam → Bhilai,20,9,53.011858280914254,65.40936703126376,3.663406762979482,6.98021246558984
Visakhapatnam → Bhilai,0,1,46.41014491465666,71.08814796352439,1.9952301288606344,1.6676794654855926
Haldia → Burnpur,15,10,47.72739810013435,67.32373014340817,7.5466290370492715,9.61332476236543
Haldia → Burnpur,9,8,87.97999620130244,78.42501304173038,6.679847491864729,9.078808120323302
Kolkata → Durgapur,17,5,53.4687447047412,72.39285981126116,7.276778751835152,7.022272396018105
Paradip → Rourkela,14,3,52.308855219431955,55.08734006145151,5.809543495081124,5.453244952402603
Visakhapatnam → Bhilai,6,3,47.15487737228272,78.32355439872669,1.6798934493238162,2.3561113027882374
Paradip → Rourkela,9,10,46.6032013417895,85.04070443679356,3.3548293367708237,6.710179553580309
Paradip → Rourkela,18,4,97.06230461625469,51.191299955530916,1.3059058491242126,4.67158664885155
Haldia → Burnpur,11,8,50.87894348412749,50.08450255634948,1.8517124041661375,5.635705695896517
Paradip → Rourkela,3,3,85.75312717518074,61.39577919838406,6.576448977825676,6.790547617983146
Haldia → Burnpur,8,3,66.01397129233862,93.42562854854073,6.342871660832261,5.4176295642987
Kolkata → Durgapur,11,6,44.46103738528248,63.78868618511011,3.2484037855944106,5.007099669212918
Visakhapatnam → Bhilai,16,1,45.45728412378105,97.85407233989194,6.5696755326152205,3.8484423964847245
Haldia → Burnpur,1,6,95.2950166980842,88.78182889762542,9.006182161174614,9.486923219694786
Visakhapatnam → Bhilai,23,6,54.194127798318306,71.16736106451563,2.7650035455487996,4.861478739988516
Visakhapatnam → Bhilai,6,6,95.53453229820849,56.479128891946715,8.612916352739077,9.904203202750768
Visakhapatnam → Bhilai,1,2,40.95743336356856,96.13377374521147,9.513529152189884,6.014165017316758
Paradip → Rourkela,4,3,52.91363805161135,54.76417657615266,5.847452170606317,5.500596912389077
Kolkata → Durgapur,2,3,71.13637284824233,95.09395547637186,7.070295696500852,5.974389493820343
Paradip → Rourkela,14,10,44.6849277799938,94.2358745301174,1.5261278786744654,5.371507070002145
Visakhapatnam → Bhilai,23,8,61.61521642037833,88.22538911279835,3.3336474537336898,6.0841371825955965
Haldia → Burnpur,4,5,96.66913647921942,93.26120239318354,2.9736246998840627,5.319024866443349
Paradip → Rourkela,5,3,99.76703056328415,71.42781126305124,2.334921240405099,4.465407435880559
Haldia → Burnpur,22,8,58.335440792284174,75.92433482991784,8.164918050632686,9.13052735754978
Paradip → Rourkela,23,9,66.62589480607949,72.26536982626872,4.928560435527167,8.01060570897331
Haldia → Burnpur,5,10,45.58871195788088,56.10363055590181,8.850120671690615,10.555661150632758
Paradip → Rourkela,6,3,75.38665809771571,84.46697694078442,1.0366255058217826,2.6942355076088527
Paradip → Rourkela,9,2,60.209805807196254,73.24064371814922,1.545502770358591,2.268782962068058
Haldia → Burnpur,11,8,83.99388441391082,75.06510452029663,6.552984278136762,8.95030500889345
Haldia → Burnpur,9,10,85.01679226584406,74.88208562683953,9.931782601825903,12.011931616534074
Visakhapatnam → Bhilai,9,7,41.96386667176737,92.80575772286022,1.8898237008543939,4.036695066208453
Paradip → Rourkela,10,9,86.48374063646727,61.79705079396515,8.917314308542354,11.208959788340128
Visakhapatnam → Bhilai,2,4,52.110955989312416,75.94291421193535,7.179190532832441,6.35198471514013
Paradip → Rourkela,12,5,55.55374656038786,91.17241884210392,3.1248202873930357,4.2180561924053785
Haldia → Burnpur,5,4,88.25186865575344,57.694344960294565,4.4709442863508,6.176235732277191
Paradip → Rourkela,16,3,43.65238536817388,78.55606673657854,3.331543128338657,3.23737610331684
Visakhapatnam → Bhilai,18,10,81.77796528715675,81.42864075694074,9.663112709510589,11.62263376918224
Paradip → Rourkela,2,10,95.87930843009615,87.28169683848135,5.485466749250708,9.422025365683682
Paradip → Rourkela,4,10,98.52663334800062,76.7085679773912,2.9008654226141477,8.162146894460683
Paradip → Rourkela,10,7,53.11471309466601,96.81380849049262,4.311765906969379,5.7442247672117555
Haldia → Burnpur,11,7,44.343716168670035,66.84148609958953,6.8899098005803765,7.627427643416536
Haldia → Burnpur,7,3,96.15183824229777,98.56580957876744,5.717050133716143,5.8434690359232695
Visakhapatnam → Bhilai,6,7,41.40102475146631,67.38491617104229,2.706463806104674,5.018210702785947
Visakhapatnam → Bhilai,3,6,57.3333208650042,80.26216225904415,3.513761526797118,5.223013296847514
Paradip → Rourkela,4,1,63.73563218020457,93.86279315015061,2.816272245712806,2.224576449830808
Kolkata → Durgapur,8,3,88.58567428460053,88.04907554588104,8.43191673924459,7.455738761167149
Haldia → Burnpur,4,6,94.41188417543097,83.5623601106941,7.873218250746228,8.885040273496784
Kolkata → Durgapur,5,5,73.257301292245,70.61371222090558,7.726156483011758,7.9211386841562925
Visakhapatnam → Bhilai,13,8,41.22386768112176,76.8897162871078,7.206090570147547,8.022576046780024
Paradip → Rourkela,14,9,94.29722391164466,56.283649587377205,5.770919070098235,9.665795167660736
Visakhapatnam → Bhilai,5,1,59.0084316385516,76.15692143267182,8.9079296029828,6.091872282292792
Visakhapatnam → Bhilai,10,2,40.967825944030665,66.70308451464723,6.8405542669551584,4.99930564820107
Haldia → Burnpur,22,2,83.98831445931188,69.39781086267294,6.004499869727734,5.734393138362537
Visakhapatnam → Bhilai,18,9,81.72338713149517,79.99323968441982,4.013504561464997,7.759939557135457
Haldia → Burnpur,6,1,70.43380598841301,78.60134782032294,6.340979880568035,4.845575151586752
Haldia → Burnpur,18,8,79.5333720849395,80.38966550525154,2.841511542200345,6.483114777763362
Visakhapatnam → Bhilai,13,6,71.84019372274781,82.36306052472818,5.751538437740074,6.958867663831915
Visakhapatnam → Bhilai,16,5,75.13666444915233,74.70445466960417,7.328355878251341,7.657024367033291
Kolkata → Durgapur,8,3,97.16488083822617,62.80860950539227,9.501901556348821,8.859915168848232
Haldia → Burnpur,9,9,60.71174483970346,69.97384618009889,2.5275282211153165,6.4383923542583155
Kolkata → Durgapur,3,9,65.36627183390912,60.859136830310014,7.960764025279858,10.020263833578989
Visakhapatnam → Bhilai,13,10,68.2912290644144,55.13541893033984,8.779596570654833,11.213786435718536
Visakhapatnam → Bhilai,15,4,80.0955894294757,76.86014150397193,6.9068898208452865,7.009798745312003
Paradip → Rourkela,1,10,46.81274927496643,99.30284192134681,6.212196041255332,8.145643264575256
Haldia → Burnpur,14,6,87.2720174144448,82.61948542192584,8.86623532544407,9.285512009261268
Haldia → Burnpur,11,2,97.63564585129646,51.12231073845066,1.5284334472885703,3.8236832291430223
Kolkata → Durgapur,19,3,46.161158545924586,99.97758598967516,3.286728138497109,2.8573199196824994
Paradip → Rourkela,19,4,66.53545286367824,73.60002248361957,9.642604515785422,8.30962584570921
Kolkata → Durgapur,3,7,88.87722558260178,97.12267619712463,5.163499732395738,7.321963082973004
Paradip → Rourkela,16,2,69.68457305320118,72.84022497092363,2.328338745625278,3.03073593955273
Visakhapatnam → Bhilai,11,8,89.86468829087593,83.01981046085248,3.770033435554269,7.297564500841791
Visakhapatnam → Bhilai,18,6,81.50782770778105,50.223978568262574,1.594043867043557,5.397181580094314
Visakhapatnam → Bhilai,14,4,56.045084647606444,96.16923069229907,7.029445565286341,5.9756352647540165
Visakhapatnam → Bhilai,10,6,48.43773871777954,70.62815720604712,2.7747987572019888,4.705448271733637
Visakhapatnam → Bhilai,10,7,61.49639758890676,69.34016715995784,3.326623339226492,5.95406258800394
Kolkata → Durgapur,14,3,53.62343812278169,95.42273318254635,4.924800297574155,4.155128658577016
Visakhapatnam → Bhilai,14,7,88.06458032656822,73.48811624377453,5.943341512585882,8.238179992473086
Kolkata → Durgapur,19,6,76.34790516179143,57.716079661552385,8.306304948306803,9.119898530606775
Visakhapatnam → Bhilai,2,7,67.83301761909354,70.79117442376304,8.753335422772963,9.371168293761322
Kolkata → Durgapur,16,10,90.78799561755702,50.12187783267426,3.7300694826140863,8.959244001441677
Haldia → Burnpur,5,1,64.01704582715564,93.45157450839673,6.257108016126161,4.305744694322431
Kolkata → Durgapur,21,8,70.09170592829366,72.50772875196067,1.74824083665126,5.701541104800353
Visakhapatnam → Bhilai,16,5,62.870743638353275,95.04410916925796,2.344428283162162,3.8918970956627352
Paradip → Rourkela,4,1,62.03841203053126,96.4922167116112,6.397052965968712,4.26953980626494
Visakhapatnam → Bhilai,4,4,91.47708985239902,92.94583130212375,5.847687529471719,6.394008587212527
Paradip → Rourkela,20,5,55.93727077662361,60.19880710722224,9.449977405590529,8.644128424508581
Visakhapatnam → Bhilai,21,6,96.02824398215853,85.9881411477891,9.74294245124377,10.006849967255237
Kolkata → Durgapur,15,1,95.34575030844763,71.76410340864042,9.487491685290413,7.617585452254868
Paradip → Rourkela,15,10,74.25267333449413,95.00685505591329,4.359981601004878,7.943432059519485
Paradip → Rourkela,15,1,43.3558904300263,57.25483077658253,4.250522133318677,3.2058933773603444
Haldia → Burnpur,0,1,93.6840609455858,67.19995047038097,6.295691391938983,5.743937654123345
Paradip → Rourkela,11,4,47.11557704732346,81.74992678612165,7.909702822274424,6.524290469061925
Paradip → Rourkela,8,9,94.62822474943876,80.68056413688085,7.56741091232124,10.26568200713829
Paradip → Rourkela,20,8,56.77485811855007,90.64862658887427,7.997087421823894,8.688525664873353
Visakhapatnam → Bhilai,10,1,55.36518578937436,50.347754497697856,1.2066103301572622,1.877966681821631
Visakhapatnam → Bhilai,23,6,53.30213018917988,75.11818838306237,7.481364552098929,7.585518869273506
Kolkata → Durgapur,4,5,66.33680389231122,72.90556356105432,2.6622126917917006,4.629320460623271
Haldia → Burnpur,2,4,56.435105520517695,79.46814968678895,3.2387438529033616,4.046936483621769
Paradip → Rourkela,16,8,46.56422602846339,70.75621279825873,7.822899305407671,8.675542108133328
Kolkata → Durgapur,5,10,96.13444505996142,53.94450134660927,2.618179771778076,8.376051187933502
Visakhapatnam → Bhilai,15,7,60.33107785437576,60.533580090496784,4.9686149759332725,7.0804297193813
Kolkata → Durgapur,14,10,85.37352568185383,93.49234852165714,9.75912162662084,11.546831775994976
Paradip → Rourkela,11,4,98.00066636039949,68.85801200557754,8.70282445185067,8.784554421810835
Visakhapatnam → Bhilai,21,2,69.80045589712802,54.65021783932076,2.7988282991518436,3.6803062996185307
Paradip → Rourkela,10,7,97.89016121404502,52.087295452173436,6.191105179173685,9.109622034882094
Visakhapatnam → Bhilai,20,4,96.23438551534991,86.68223873412057,2.2581122623178818,4.508254148168815
Visakhapatnam → Bhilai,4,7,51.43439427314466,80.49431689162401,1.217298503051183,4.163524592192569
Visakhapatnam → Bhilai,13,8,79.3641709910548,63.21982878514038,9.040223236189858,10.540662495742751
Haldia → Burnpur,13,2,65.82049274819587,97.83347312744674,9.774999382874867,6.882944949621862
Kolkata → Durgapur,8,6,57.29159534391596,84.61498080726767,3.2630360005811325,4.984269844520804
Paradip → Rourkela,9,10,83.26752268860099,76.3533565623824,4.734805274745952,8.811841714257952
Kolkata → Durgapur,1,9,60.44498700086591,56.0726527841097,7.130760331720599,9.470352753376142
Paradip → Rourkela,13,10,77.02646899747296,88.4666359804554,2.2968674047997704,6.9195817931949435
Paradip → Rourkela,11,6,53.35768939105129,55.02386551723358,1.4605876011231587,4.376605932060762
Haldia → Burnpur,9,2,84.31927504016886,95.56320124907563,2.921309984225448,3.3711002167588218
Paradip → Rourkela,10,5,48.23865805460293,90.56138222056958,7.379708179393935,6.563757004863057
Haldia → Burnpur,11,7,40.12826284022866,82.75816264491368,3.601257657080128,5.209439226556663
Visakhapatnam → Bhilai,4,7,90.24752962518853,82.25954499408076,7.886429904805047,9.294092931757069
Visakhapatnam → Bhilai,12,8,74.52522824075831,92.2341234318118,2.6099879733234044,5.957067162580556
Paradip → Rourkela,3,9,98.32680409648498,86.76934693112145,5.429625301963726,8.972192365450356
Visakhapatnam → Bhilai,5,3,44.809827241326246,74.68142587760666,6.916262556688962,5.500423833701031
Paradip → Rourkela,23,6,71.25870794370915,87.59218778834762,5.067197598854767,6.426236041857182
Paradip → Rourkela,6,3,71.97371571832554,69.78670866132869,4.874562294875605,5.188214675248555
Visakhapatnam → Bhilai,23,4,70.08971702081217,59.25873324171397,1.0046519930861937,3.5203080416418016
Paradip → Rourkela,21,2,75.92475837896694,66.89964202070436,8.593743600263675,7.0959960711131265
Haldia → Burnpur,23,6,64.82534671952614,73.28565704725699,8.221907920789452,8.412192013114314
Kolkata → Durgapur,4,7,65.48041764141485,66.9240534261522,1.6013431009759058,5.086737321304945
Kolkata → Durgapur,13,2,70.41857386318156,51.13428803045755,1.0590285532372024,2.7252885872286177
Kolkata → Durgapur,20,4,91.228814522781,97.3426072192106,8.066373514155977,7.629836399792803
Visakhapatnam → Bhilai,8,6,47.6673203826916,90.49153433735086,3.0950224242029583,4.477202379255506
Visakhapatnam → Bhilai,17,5,58.73664870539341,53.573562536338294,1.95417074948514,4.36313066012612
Visakhapatnam → Bhilai,10,8,75.17912313027327,73.20676433565916,7.319625566207646,9.183013746919602
Kolkata → Durgapur,22,4,53.10296080475386,74.94299026238201,9.078714474389955,7.541457703528948
Paradip → Rourkela,13,7,76.82691813198679,92.13276239297196,5.487918910543377,7.254903642426191
Visakhapatnam → Bhilai,15,9,54.20660213349349,73.77832277246495,5.311280461693293,7.837399885571481
Paradip → Rourkela,0,5,41.66704748717216,96.99099977416702,5.466975894423339,5.090376965785827
Visakhapatnam → Bhilai,0,2,96.21060002230547,53.71493001419953,1.6057547614914327,3.775472257280033
Kolkata → Durgapur,2,7,50.31175159742155,89.25191485574095,2.880136188816839,4.9523959640979305
Haldia → Burnpur,9,3,91.20756280841888,71.8033800948403,2.6338996395073058,4.3804990660601435
Paradip → Rourkela,16,1,78.09677755031629,54.46874689882084,7.93715253613295,6.515819910212842
Paradip → Rourkela,2,4,86.98561267072448,54.84204961249863,1.2182191460732645,4.24365887551572
Kolkata → Durgapur,19,8,94.23174577660464,84.06317186459536,4.029022253954268,7.5631022883787935
Kolkata → Durgapur,13,6,54.213644305285165,99.86299641719629,7.94998830498343,7.399142383804687
Kolkata → Durgapur,16,9,81.35290635173841,61.88048724727463,8.498035717618574,10.801798876177804
Paradip → Rourkela,20,3,52.12873627565476,67.24118261365138,2.3140214926752267,3.1074513316017507
Haldia → Burnpur,6,3,92.21616169266161,70.87639375204205,9.584790279032642,8.599831143158593
Kolkata → Durgapur,18,10,83.55043545446276,73.6710511195654,5.915435398502627,9.58235328034415
Haldia → Burnpur,7,7,68.76431427935312,90.38594698338059,6.00383291583253,7.3575102382125
Visakhapatnam → Bhilai,18,2,78.43779628684156,68.75533518192029,1.3726288074514992,2.8016044694377404
Kolkata → Durgapur,0,10,82.5150378939785,78.73577646955785,6.807864174109524,9.985454111893912
Paradip → Rourkela,4,3,45.79346500122779,65.75186943313568,6.950690981100581,5.729181150034468
Kolkata → Durgapur,2,2,91.79051378122688,90.22260479798862,5.110548464356889,5.015592396091167
Paradip → Rourkela,22,9,97.30683348026176,82.93316117408531,2.9369855458183043,7.522733108417129
Paradip → Rourkela,9,5,48.99750734443786,82.50751479947152,8.543230619389954,7.4457132959776775
Paradip → Rourkela,10,4,42.55354187430564,70.84927915772373,9.465999377412121,7.539220299521967
Visakhapatnam → Bhilai,13,5,53.10971174676098,72.82068286512089,7.201283167985704,6.957647595891833
Haldia → Burnpur,1,5,75.17684346101981,67.53169241105468,4.375231160651203,6.0298101520002225
Paradip → Rourkela,15,1,88.62661387171016,86.58580454640746,7.664941540032371,6.026047249242578
Paradip → Rourkela,22,2,61.8587635490444,92.15965999972809,5.154934832945515,4.105530606244079
Haldia → Burnpur,23,7,90.05116517648635,58.46797909403938,2.2060092091075454,6.355780898878331
Paradip → Rourkela,11,7,92.28983391903046,66.4635304733196,3.774828144536948,7.20432129482669
Visakhapatnam → Bhilai,5,8,86.40810043964615,57.98479757724249,5.145270493454317,8.519709357717124
Paradip → Rourkela,20,6,41.40416134268374,55.832208788222474,1.5501120104774513,4.055547870802533
Paradip → Rourkela,9,9,80.0242781064663,91.96953110919841,4.326342799827708,7.657143400906646
Haldia → Burnpur,5,2,82.47676737790871,73.83238687057106,6.910110798151655,6.143721762816833
Haldia → Burnpur,0,8,55.622042990015316,65.12338348560658,5.23323076304936,7.506132077817945
Kolkata → Durgapur,13,9,43.10932309890167,84.2526891468008,8.375927316031945,9.1337822996502
Visakhapatnam → Bhilai,13,10,83.4187772911943,59.90734259048372,8.961922357507973,11.681569881430939
Kolkata → Durgapur,16,2,90.08207917271346,94.13130105226077,8.602769676699562,6.981498160155926
Haldia → Burnpur,17,5,88.69014717802403,97.79377858033057,4.575913704903665,5.9503770666763085
Haldia → Burnpur,8,2,81.85018751480995,57.36873440996396,5.528080578967155,5.624979284625312
Paradip → Rourkela,11,3,61.22137390300346,73.45152110142013,6.158972828953391,5.562994492433735
Paradip → Rourkela,12,3,74.42704439565352,73.35060762709762,7.617411992818715,6.836246375018883
Haldia → Burnpur,3,7,98.02970046150841,66.88357972960446,2.917633119780111,6.85379929112123
Haldia → Burnpur,20,10,56.999656428833575,96.57451377456746,3.7804479583593493,7.046768192389267
Haldia → Burnpur,12,6,45.741269434345554,73.07532871922447,4.030770839612634,5.329194012413457
Visakhapatnam → Bhilai,5,5,63.84575204129354,61.920662050775164,2.6701048117212203,4.779022207256035
Visakhapatnam → Bhilai,14,2,45.431011910293485,63.1102109245135,8.707193083761217,6.325041989075264
Haldia → Burnpur,17,10,78.2269397035371,75.25860429770324,2.879921263044016,7.569588862978458
Haldia → Burnpur,17,9,51.51825597791013,78.62581337052364,4.847646906937481,7.381619556089319
Haldia → Burnpur,11,5,77.47824202633046,72.14451970928064,6.738502169272327,7.424558168167698
Visakhapatnam → Bhilai,3,2,51.78585696744918,87.33460827937938,1.6807759504104098,1.8153491136821338
Paradip → Rourkela,18,4,68.18908322621637,88.99629405681776,2.450507259925164,3.7360509716052337
Visakhapatnam → Bhilai,13,10,96.35826157875269,97.36701887394437,9.716661232649507,11.773404209473396
Paradip → Rourkela,7,10,96.84294788607815,79.96138620066762,6.590309517728452,10.260246423206063
Paradip → Rourkela,12,2,41.275007645511806,67.7418460153105,1.7944573625039713,1.9600877265615269
Visakhapatnam → Bhilai,4,10,45.74650406320189,53.11933607866134,4.7599067113032225,8.165952427104763
Paradip → Rourkela,12,2,60.03900799673807,67.18986522402017,1.1708626221245537,2.1598905086964706
Paradip → Rourkela,7,7,58.26495954504168,69.43831330889569,4.047317979015354,6.287573307582548
Visakhapatnam → Bhilai,5,5,44.12994648385429,71.47378029010211,9.718504373105755,8.225525412577039
Visakhapatnam → Bhilai,7,7,43.01967361413474,62.461035956407514,3.4684817833993744,5.6224585593355165
Paradip → Rourkela,1,10,99.37949926482376,65.68307836845695,1.551597361099947,7.598681827235542
Kolkata → Durgapur,2,6,89.53499160064763,75.16257200532685,7.9621338864213875,8.960078639765724
Haldia → Burnpur,11,1,72.25076457277464,97.11734778998002,7.979861240295404,5.51309272556088
Paradip → Rourkela,11,5,89.82341952904395,87.24995520264454,6.767669418572746,7.510305132962074
Paradip → Rourkela,14,8,81.53221037009538,57.509641864209414,3.3883027120285196,7.328755101035784
Paradip → Rourkela,13,9,50.08104674190008,94.20786617908414,5.339851335106596,7.322184879739277
Kolkata → Durgapur,13,6,55.134163237580054,59.84230043359259,9.367320169128,9.07757098993235
Kolkata → Durgapur,8,3,87.24683887963668,51.00302393935488,9.572106288356585,8.840608460615954
Paradip → Rourkela,9,8,89.55281793191615,96.3068381947404,4.728946297266704,7.5978155524226985
Haldia → Burnpur,23,10,50.53505383017214,67.1103084525965,1.55570200317031,6.10726664775542
Haldia → Burnpur,2,3,79.94897626556933,79.77017113469388,5.404460213000429,5.5457419930734595
Visakhapatnam → Bhilai,1,6,78.98837818212232,95.74436460540363,5.779475945498406,6.922449620654641
Paradip → Rourkela,8,2,73.82355039090788,79.8220496230883,1.8296696687427731,2.7160673205111343
Visakhapatnam → Bhilai,2,10,91.92088734359643,93.65677989444336,6.930011649886102,10.042498012350686
Haldia → Burnpur,21,9,54.31983777542673,60.153712321073236,7.173636733520704,9.230702926953759
Visakhapatnam → Bhilai,14,8,45.232855586658864,69.46095434005787,4.255231530804263,6.520905499281166
Visakhapatnam → Bhilai,10,8,69.48593759853803,72.69170645419322,5.575805661463989,7.976227395750669
Visakhapatnam → Bhilai,8,1,40.60879109678157,97.98237703176233,6.6606071064317005,3.7549804561272206
Kolkata → Durgapur,4,2,74.67831032269375,78.25214397263014,8.056541568591978,6.509231371383396
Visakhapatnam → Bhilai,6,10,42.777216857668684,60.06263470800633,9.84137001590101,10.98688582111054
Visakhapatnam → Bhilai,5,9,71.89901414914888,79.37940307109471,3.005647437745947,6.87277082570014
Haldia → Burnpur,23,1,91.78848863652573,61.940929297257334,2.5943130311804428,3.5714238918588905
Kolkata → Durgapur,16,9,97.34710648422279,53.852558099249265,3.042789062152008,8.169035469832902
Visakhapatnam → Bhilai,2,2,85.70393708753423,60.08659172811637,6.073708098987971,6.013611137456482
Haldia → Burnpur,16,3,81.14757803445582,80.03301797358816,9.192330443301962,7.849165247543088
Paradip → Rourkela,13,1,62.2429604981494,76.01534590815658,2.755512311775309,2.500289283846536
Kolkata → Durgapur,14,5,78.85830675337945,93.7401670324535,1.8823507113910751,4.120356288786958
Kolkata → Durgapur,10,9,48.457836623071145,68.79810695631963,6.959818604844022,8.753664122472156
Kolkata → Durgapur,17,8,68.01072884817157,67.45673921773363,2.9926052885360774,6.4867502542121205
Haldia → Burnpur,1,4,74.07470704547197,89.6719462062776,3.971654686443208,4.811795099104531
Haldia → Burnpur,8,9,50.05578022625679,76.30008717715677,8.692194606441994,9.690988427109765
Haldia → Burnpur,4,10,46.76853231283179,93.17513567080215,5.9677533926501525,8.120205291559003
Visakhapatnam → Bhilai,21,8,58.573786197980496,77.08885839944405,1.9833864167207933,5.405468267983009
Kolkata → Durgapur,20,8,58.925764722623384,98.56255235661854,2.6354130444177146,5.377769721196959
Visakhapatnam → Bhilai,0,5,96.96180365809033,95.20840644526383,1.956924378068288,4.6788406076784055
Visakhapatnam → Bhilai,17,4,66.55847316443995,86.90196207105632,2.3633894557177686,3.676748626942733
Haldia → Burnpur,1,3,98.57035711469814,93.89815287821459,9.182361899345906,8.088564795484196
Kolkata → Durgapur,1,1,64.80154944075264,82.75724783163852,2.0082808218842834,1.9938700197203785
Haldia → Burnpur,6,8,90.6375549592392,73.36929618656379,2.7948665296023787,6.928660642807328
Visakhapatnam → Bhilai,22,3,71.84259794183409,80.23005669683651,9.52991691276781,7.768626951978978
Visakhapatnam → Bhilai,0,1,51.74186171076734,51.491889266847636,1.762026090590437,2.0796337203403295
Visakhapatnam → Bhilai,15,9,51.547778941277755,66.5767885489845,5.747455226275527,8.163370733023958
Haldia → Burnpur,3,3,53.76519219007514,83.04971931900994,5.7747396797157515,4.916805187151506
Haldia → Burnpur,11,9,47.715652442605915,53.11469446396951,8.494141965686522,9.965660863410701
Kolkata → Durgapur,3,3,63.25532428021303,69.6862989330704,8.421660714028464,7.056930178162061
Visakhapatnam → Bhilai,18,4,50.22239801890056,81.26768358874132,7.923290552577124,6.635292600338465
Haldia → Burnpur,9,8,88.95933881523658,59.44703480416643,4.641613634511513,8.264807649080677
Visakhapatnam → Bhilai,20,9,81.31158029531184,76.33779201534482,6.559636373781838,9.34837339282156
Paradip → Rourkela,13,4,99.85692536513928,63.15722555333391,5.986403100965093,7.3244051104665555
Paradip → Rourkela,13,8,55.493925100991376,92.18853396689792,6.295958488633676,7.598622166871988
Kolkata → Durgapur,1,5,89.47748071776769,85.71973676259927,8.687084275424713,8.682180251535874
Visakhapatnam → Bhilai,22,9,51.42128571476144,66.25827267380313,4.487624413762019,7.410047766223992
Paradip → Rourkela,20,5,46.104788020475596,91.5194110554219,5.111830020296063,5.119853431683467
Paradip → Rourkela,6,6,74.48933773611414,76.68255099024307,3.62070479211314,5.873451987546447
Haldia → Burnpur,4,10,90.28732782493631,90.42811701258978,3.004026017336737,7.702473104898335
Paradip → Rourkela,6,5,50.04983265315802,92.80607432996523,5.3882521920016595,5.378324808196432
Kolkata → Durgapur,10,7,76.6810171433595,74.12748937373013,2.266550668709164,5.6778111280516805
Haldia → Burnpur,7,6,60.43253652502857,56.06301128380491,2.842297678733714,5.397094477314987
Haldia → Burnpur,12,5,61.284573552536166,60.726490358997935,9.368397740724552,8.745046043830857
Haldia → Burnpur,17,1,51.0638603161221,64.03531854884208,6.514229557232622,4.659747172846394
Paradip → Rourkela,5,8,65.10473756323944,90.34113862400076,8.577819709722165,9.293011180250467
Paradip → Rourkela,5,9,67.17107488685622,68.29941912534932,1.3986284346853697,5.988320924909923
Visakhapatnam → Bhilai,5,4,56.51287063056803,95.67842759753064,1.9785027846591419,2.968919237761913
Haldia → Burnpur,12,10,48.413626535801896,66.98341259409507,2.1246503811108215,6.387530772858648
Visakhapatnam → Bhilai,5,8,82.92269042038012,53.503520929519816,5.71955705508565,8.849344527072397
Haldia → Burnpur,1,6,42.54513632562052,65.44730871712626,5.77100839667838,6.430012953433118
Paradip → Rourkela,1,1,92.35072225498357,70.90448093662417,7.469444246429958,6.334098596774998
Visakhapatnam → Bhilai,18,9,88.35742352388249,76.79715728580035,4.270585263387887,8.177130718033201
Visakhapatnam → Bhilai,8,9,52.65838543740558,96.3094197124208,7.349422241518685,8.563216513784962
Visakhapatnam → Bhilai,3,2,52.75268172380209,67.31405506329705,8.582568385857977,6.3858403819629075
Paradip → Rourkela,19,8,42.395698128240554,53.52970979467776,1.9687243327144945,5.3825113475823585
Visakhapatnam → Bhilai,1,9,73.36843409354782,88.63204989763247,1.9270510995317487,6.084642684572834
Paradip → Rourkela,10,8,41.83450334769946,53.42633618933002,9.236408594132362,9.728353533123801
Visakhapatnam → Bhilai,10,10,87.08965309524152,88.74872484720667,7.846138817302371,10.545398386294535
Paradip → Rourkela,11,1,63.48510479336722,56.2556734421147,8.310359789979408,6.265655548946366
Kolkata → Durgapur,22,3,42.28823759385085,68.69186445030043,7.055459886301033,5.628085770590136
Haldia → Burnpur,5,3,51.27642494515727,53.16834838456129,2.457569545341397,3.44946750786833
Paradip → Rourkela,14,7,71.21380304619372,82.22660321754643,1.1432627918060505,4.677839702118512
Kolkata → Durgapur,17,1,92.58784404461836,82.44751714703698,9.93672379053208,7.590719252717059
Visakhapatnam → Bhilai,5,10,81.46428380056935,98.31492101194078,5.782758703849739,8.947285316088108
Kolkata → Durgapur,2,3,45.31490416466055,87.94947955861798,3.28808906026729,3.0733109699278303
Haldia → Burnpur,5,5,45.76951727761818,73.6040687450678,4.14868466028892,4.89021493960054
Kolkata → Durgapur,18,6,49.09261704056419,78.45464814944357,1.8097451568256004,3.9895326423234145
Haldia → Burnpur,11,4,48.65929809394621,70.15786432340506,4.104659831230176,4.51941755508839
Kolkata → Durgapur,11,4,60.77733595573774,75.11202408444746,5.899194582368747,5.8605963464044315
Haldia → Burnpur,0,3,80.42695948274871,51.59997657873999,1.8542691974427543,3.9933707713733138
Paradip → Rourkela,23,9,83.0486634011165,81.20084467203043,8.80633956409027,10.651246747047049
Paradip → Rourkela,15,4,57.85599091419304,70.66516964530332,9.650104712225202,8.112439161854844
Haldia → Burnpur,21,2,71.17437726930737,82.17541777275748,5.103251650242233,4.553673952769411
Haldia → Burnpur,11,10,76.76708263105836,58.21755425658129,1.6983201432381059,7.157653479742989
Kolkata → Durgapur,8,4,90.9146858966865,75.7502689692047,3.8421455038131134,5.5177224998043695
Paradip → Rourkela,20,5,45.38870168172303,59.45777092333617,9.269991085634222,8.2345002833655
Visakhapatnam → Bhilai,23,3,53.508953143964284,57.16889778590236,2.6668645217867075,3.5620093516729057
Kolkata → Durgapur,0,5,93.75537811936766,80.3360355817224,4.496568801495512,6.403881912843889
Visakhapatnam → Bhilai,6,5,86.90617919684587,71.69982026355328,9.421234850823486,9.3259298811284
Kolkata → Durgapur,5,10,65.08301975257315,98.99244733380011,4.5174572897956,7.683116019778552
Haldia → Burnpur,20,7,85.36215842730101,93.96963141515562,9.842621552494698,10.087045056012737
Kolkata → Durgapur,2,9,83.42526172820837,65.9440267036552,1.4074082293222676,6.528322255366508
Kolkata → Durgapur,1,8,49.4311650845727,96.20683513037605,3.7164696460718005,5.788680037572741
Haldia → Burnpur,5,10,89.09229132011995,60.484000877665736,5.625079850812895,9.83813663253802
Kolkata → Durgapur,8,3,51.63347444485257,68.219956297168,5.586687464782609,5.036617586271783
Haldia → Burnpur,15,5,60.12514006648124,91.14837779882232,5.135550317138815,5.562116836301279
Haldia → Burnpur,4,7,57.204651976027,51.527936724468454,5.344525061862335,7.392295861908842
Kolkata → Durgapur,12,5,68.44573603040037,67.49299420412072,6.934472223664158,7.364195531028091
Haldia → Burnpur,14,7,75.49245823425736,68.06390975043097,2.0941780865273767,5.660002403935527
Paradip → Rourkela,11,4,89.8821256311748,94.6807566852413,6.541889086857172,6.727982087344721
Visakhapatnam → Bhilai,19,3,67.47519616699904,92.38657757282147,9.954767389987184,7.649384767545852
Haldia → Burnpur,23,8,96.65452157845488,69.74077506894659,8.600402157201403,10.665061440295556
Paradip → Rourkela,19,10,83.56897428425341,61.96040104465707,9.606088917928227,12.031514558391397
Haldia → Burnpur,8,2,64.38706692274016,68.92103359855372,7.489973633276116,6.0471755156768
Visakhapatnam → Bhilai,14,8,41.866801811103116,89.91672530429467,9.6334274105839,9.23772599459754
Haldia → Burnpur,6,8,86.11562058181934,84.86978989661682,4.4025511594312325,7.527603515180983
Paradip → Rourkela,21,3,57.30862287651932,67.1845462979393,9.39903864668752,7.514990948349306
Kolkata → Durgapur,3,1,67.51182923909059,79.70986800982377,8.156025934493904,5.824773077672584
Paradip → Rourkela,5,6,82.8036393572822,69.8382326983727,6.307003326608746,7.87154652271626
Paradip → Rourkela,4,3,47.05066717563164,86.25298748625698,1.3728849787628437,2.0101912528015156
Visakhapatnam → Bhilai,21,10,62.344488606851655,68.55753552604733,1.5764926039058236,6.445079510028098
Kolkata → Durgapur,20,10,42.09946230792802,99.93883760710435,3.5237960247476927,6.37848473194437
Kolkata → Durgapur,19,9,62.68200784696601,83.9503935467104,1.4628424609097435,5.579157841020619
Visakhapatnam → Bhilai,19,3,41.05426222049604,72.7124085897179,1.7251808339107662,2.312488195166983
Paradip → Rourkela,10,6,76.14556948056364,52.16311446125122,2.739960764311717,5.885081253778914
Haldia → Burnpur,4,6,73.34585397475215,77.36549827113693,8.629766618733074,8.83092562505967
Visakhapatnam → Bhilai,4,3,56.00403888776612,84.19480548720453,8.83579956645085,6.797704796759403
Paradip → Rourkela,1,5,96.8254174818484,92.67814064468166,9.353591589908012,9.163354665506626
Kolkata → Durgapur,22,6,66.44701464650123,92.05848174357101,9.827886876576622,9.048972930469589
Visakhapatnam → Bhilai,7,5,83.05044339656342,71.78302466855877,7.145076530025189,7.84289872654084
Haldia → Burnpur,13,2,58.14669328208991,61.0716946134599,5.407577392789116,4.7675133418669695
Paradip → Rourkela,4,2,75.58345244391384,96.77116613505326,8.744418069379648,6.578731092244139
Visakhapatnam → Bhilai,10,7,76.75030250257657,73.69451475069943,5.49870615149199,7.627842470958503
Visakhapatnam → Bhilai,17,1,90.39923061647434,55.97691339799907,7.144191163892511,6.378953348869755
Visakhapatnam → Bhilai,12,9,83.06920034002333,62.56914532138396,9.287570179125236,11.313235211248163
Kolkata → Durgapur,13,3,90.47863524225777,80.83658137823284,1.5626335190750114,3.5352075411480826
Visakhapatnam → Bhilai,4,6,77.61558300669367,88.72028046666259,4.794724165520401,6.4308963801797985
Visakhapatnam → Bhilai,13,5,93.24407701395916,72.1720363225144,2.7666436610977487,5.513867780627136
Visakhapatnam → Bhilai,20,3,78.6128358939289,97.31371093692243,2.2545421368055907,3.2648361401627723
Kolkata → Durgapur,21,10,56.90910846313006,61.378217842589436,7.527202951000628,9.99603066764249
Kolkata → Durgapur,12,1,62.5908699967924,60.10007905009317,1.2938818430011665,1.9520536247026086
Haldia → Burnpur,3,4,79.84521015097303,79.1446439747176,3.535963892751562,4.934041760685776
Haldia → Burnpur,22,8,67.86474825586009,81.58595380314874,3.994094785820894,6.800680243105364
Visakhapatnam → Bhilai,9,4,70.26726256392169,79.41664816981617,4.653450501355332,5.311755214334527
Kolkata → Durgapur,22,9,94.96059970103376,77.03490553918284,1.4305117156831542,6.666426909657248
Haldia → Burnpur,14,5,66.66213215855936,50.3627739060698,7.070021312575127,7.73462127418046
Visakhapatnam → Bhilai,12,8,53.612818139609445,60.638780517491234,8.975442861087707,9.780874650491082
Haldia → Burnpur,5,10,45.67948960695598,79.98809668586598,9.189476945756406,10.284308921945204
Haldia → Burnpur,2,7,65.6834989557317,61.62571290834601,5.419454837648086,7.489663613093882
Haldia → Burnpur,9,6,86.41287487906172,86.73266086710407,9.059423895118636,9.293387366100951
Haldia → Burnpur,13,6,56.93702385213909,99.4855656904738,8.060944264503366,7.554965960456716
Visakhapatnam → Bhilai,6,10,92.98313963905233,68.55360134355669,5.861487081040682,9.935314410924844
Paradip → Rourkela,17,3,53.30860515417493,84.62886218296661,8.85596104291607,6.7202575367155575
Haldia → Burnpur,2,1,76.16444942176939,80.66375834823911,6.079966554094086,4.81963824814475
Visakhapatnam → Bhilai,13,2,51.178307518081965,72.30515061599095,4.482156813467768,3.7785403013033
Haldia → Burnpur,4,9,74.55734860657776,59.59112237454476,6.67213999389888,9.548182007045765
Haldia → Burnpur,2,6,51.60806579966944,51.92988677040092,2.0986760711707397,4.768849881284509
Paradip → Rourkela,17,9,43.745098639761174,56.36851306884548,9.25607817610499,10.23862960347892
Kolkata → Durgapur,8,9,48.77072124632355,69.0833802893203,4.579101172198949,7.3289147349226695
Visakhapatnam → Bhilai,9,9,92.13481001018394,55.510678714926314,5.727215807650824,9.590160210597487
Haldia → Burnpur,19,8,95.8566860924569,50.67782241821605,2.7672749047671257,7.522509077269661
Paradip → Rourkela,23,9,88.12339981461257,82.0419021867082,2.649768043489376,7.092724776797838
Haldia → Burnpur,2,7,75.40348240625781,81.91901327883834,9.981213238195838,10.11245214952847
Paradip → Rourkela,15,1,55.80552849930696,92.76013332761731,4.060026889433363,2.75497932208688
Paradip → Rourkela,5,1,96.3135701801887,93.80017325769252,4.75756649824712,4.367943539200082
Kolkata → Durgapur,20,3,54.78517867771184,95.91248512080912,9.853461615773337,7.137382627379175
Visakhapatnam → Bhilai,3,1,77.15967152406549,85.89743380887617,9.173360172797986,6.600857573223233
Haldia → Burnpur,12,3,85.53397400017099,99.8448758870446,4.90416374390317,5.011619948606139
Paradip → Rourkela,9,4,90.27169172113658,73.75933873041299,3.568263530327577,5.373922095222383
Haldia → Burnpur,18,6,46.60215431354881,96.5164143750597,7.855126746768808,7.180812389966555
Paradip → Rourkela,5,7,95.55855208771591,57.60378265363523,3.114405239398728,7.08332405319801
Haldia → Burnpur,1,8,72.59306824597252,63.475967528674836,2.8966085286961403,6.646237814023363
Haldia → Burnpur,14,4,92.52372321910336,82.62357003250699,9.76103918094013,8.979863804487039
Paradip → Rourkela,17,7,79.44145299389633,64.27563085780979,4.869638866147536,7.519514292349215
Kolkata → Durgapur,15,8,87.93156908884603,99.76711962581828,3.385140391663924,6.67368891514737
Visakhapatnam → Bhilai,14,2,68.80993814749222,75.63290424050649,8.013404122794032,6.359682533291056
Paradip → Rourkela,17,6,42.48189762928985,92.22927845668967,6.703023521568322,6.451685472685894
Visakhapatnam → Bhilai,19,1,55.880903303520874,52.330239076519945,7.569370141273954,5.671444402339599
Haldia → Burnpur,12,4,99.07417589603386,54.37895349157474,1.1929165764866512,4.600396152941512
Kolkata → Durgapur,1,8,50.767015046620564,68.43676076196118,3.3005192569138395,6.134586790307697
Kolkata → Durgapur,12,1,44.924632336469486,82.21417090433252,2.769086966744478,1.8649077320541207
Visakhapatnam → Bhilai,13,4,92.05812181108381,75.98623525030379,9.643790106273567,9.028293013090579
Kolkata → Durgapur,0,8,59.07278427202453,75.13472340574148,1.9227447963885942,5.423135937879063
Kolkata → Durgapur,1,2,49.089332736644266,95.04156327246875,9.145561117277884,6.059185387016683
Visakhapatnam → Bhilai,17,10,59.75240677964337,58.63304024262382,3.8352044848431746,7.921034089442729
Haldia → Burnpur,12,6,84.2678910003141,68.47488064813469,5.478737728483408,7.445781754136773
Paradip → Rourkela,19,2,73.26139911709937,71.41991952397314,8.18136262586464,6.678261158552302
Visakhapatnam → Bhilai,4,5,49.14874947135352,70.9693442067741,2.493885698477989,4.051407019091917
